Workbook

Sheet Summary & Overview
A1: KPCL Engineering Software License & Telemetry Dataset
A2: Generated for Enterprise AI & License Optimization | v2.0 (with Role & Email Identification)
A4: DATASET METRIC SUMMARY
A5: Total Telemetry Session Records Logged | B5: =COUNTA(ML_Training_Dataset!A2:A31)
A6: Total Monitored Users (Admins, Heads, Workers, Engineers) | B6: =COUNTA(User_Admin_Roster!A2:A28)
A7: Total Active Compute Hours Logged | B7: =SUM(ML_Training_Dataset!R2:R31)
A8: Total Reclaimable Idle Hours Logged | B8: =SUM(ML_Training_Dataset!S2:S31)
A9: Overall Idle Session Ratio (%) | B9: =COUNTIF(ML_Training_Dataset!Y2:Y31, 1)/COUNTA(ML_Training_Dataset!Y2:Y31)
A10: Total Estimated Financial Waste ($) | B10: =SUM(ML_Training_Dataset!AA2:AA31)
A12: ROLE CATEGORY & EMAIL MAPPING SUMMARY
A13: Role Category | B13: Domain Email Format | C13: Monitored Users | D13: Total Idle Hours | E13: Est. Wasted Cost ($)
A14: System Admin | B14: *admin*@kpcl.com / admin.*@kpcl.com | C14: =COUNTIF(User_Admin_Roster!D2:D28, "System Admin") | D14: =SUMIF(ML_Training_Dataset!E2:E31, "System Admin", ML_Training_Dataset!S2:S31) | E14: =SUMIF(ML_Training_Dataset!E2:E31, "System Admin", ML_Training_Dataset!AA2:AA31)
A15: Department Head | B15: *.depthead@kpcl.com | C15: =COUNTIF(User_Admin_Roster!D2:D28, "Department Head") | D15: =SUMIF(ML_Training_Dataset!E2:E31, "Department Head", ML_Training_Dataset!S2:S31) | E15: =SUMIF(ML_Training_Dataset!E2:E31, "Department Head", ML_Training_Dataset!AA2:AA31)
A16: Project Head | B16: *.projecthead@kpcl.com | C16: =COUNTIF(User_Admin_Roster!D2:D28, "Project Head") | D16: =SUMIF(ML_Training_Dataset!E2:E31, "Project Head", ML_Training_Dataset!S2:S31) | E16: =SUMIF(ML_Training_Dataset!E2:E31, "Project Head", ML_Training_Dataset!AA2:AA31)
A17: Project Worker | B17: *.contractor@kpcl.com / worker.*@kpcl.com | C17: =COUNTIF(User_Admin_Roster!D2:D28, "Project Worker") | D17: =SUMIF(ML_Training_Dataset!E2:E31, "Project Worker", ML_Training_Dataset!S2:S31) | E17: =SUMIF(ML_Training_Dataset!E2:E31, "Project Worker", ML_Training_Dataset!AA2:AA31)
A18: Staff Engineer | B18: *.eng@kpcl.com / firstname.lastname@kpcl.com | C18: =COUNTIF(User_Admin_Roster!D2:D28, "Staff Engineer") | D18: =SUMIF(ML_Training_Dataset!E2:E31, "Staff Engineer", ML_Training_Dataset!S2:S31) | E18: =SUMIF(ML_Training_Dataset!E2:E31, "Staff Engineer", ML_Training_Dataset!AA2:AA31)
A19: Total | B19: - | C19: =SUM(C14:C18) | D19: =SUM(D14:D18) | E19: =SUM(E14:E18)

Sheet ML_Training_Dataset
A1: Record_ID | B1: Employee_Name | C1: Employee_ID | D1: Employee_Email | E1: Role_Category | F1: Employee_Role | G1: Department | H1: Admin_Name | I1: Admin_ID | J1: Admin_Email | K1: Admin_Dept | L1: Project_ID | M1: Project_Phase | N1: Software_Tool | O1: License_Type | P1: Session_Start | Q1: Session_Duration_Hrs | R1: Active_Usage_Hrs | S1: Idle_Duration_Hrs | T1: CPU_GPU_Utilization_Pct | U1: Keyboard_Mouse_Activity_Pct | V1: Concurrency_Peak | W1: Owned_License_Pool | X1: True_Active_Concurrency | Y1: Idle_Session_Flag | Z1: Hourly_License_Cost | AA1: Estimated_Wasted_Cost | AB1: Recommended_Action
A2: 1 | B2: Rahul Sharma | C2: EMP001 | D2: rahul.sharma@kpcl.com | E2: Staff Engineer | F2: Senior Mechanical Engineer | G2: Product R&D | H2: Prakash Varma | I2: ADM101 | J2: prakash.varma.admin@kpcl.com | K2: IT & SAM | L2: PRJ-KPCL-01 | M2: CAD Drafting | N2: SolidWorks Premium | O2: Floating | P2: 2026-10-20 08:30:00 | Q2: 8.5 | R2: 3.2 | S2: 5.3 | T2: 0.08 | U2: 0.12 | V2: 18 | W2: 20 | X2: 12 | Y2: 1 | Z2: 15 | AA2: =S2*Z2 | AB2: Harvest Idle Session & Suspend
A3: 2 | B3: Ananya Patel | C3: EMP002 | D3: ananya.patel@kpcl.com | E3: Staff Engineer | F3: CAE Simulation Specialist | G3: Analysis & CAE | H3: Prakash Varma | I3: ADM101 | J3: prakash.varma.admin@kpcl.com | K3: IT & SAM | L3: PRJ-KPCL-01 | M3: CFD Simulation | N3: ANSYS Mechanical | O3: Floating | P3: 2026-10-20 09:00:00 | Q3: 9 | R3: 8.5 | S3: 0.5 | T3: 0.92 | U3: 0.15 | V3: 14 | W3: 15 | X3: 13 | Y3: 0 | Z3: 45 | AA3: =S3*Z3 | AB3: Maintain Active Session
A4: 3 | B4: Vikram Deshmukh | C4: EMP003 | D4: vikram.contractor@kpcl.com | E4: Project Worker | F4: Contract CAD Drafter | G4: Tooling & Plant | H4: Prakash Varma | I4: ADM101 | J4: prakash.varma.admin@kpcl.com | K4: IT & SAM | L4: PRJ-KPCL-02 | M4: Detailing | N4: Autodesk Inventor | O4: Floating | P4: 2026-10-20 08:00:00 | Q4: 7.5 | R4: 2 | S4: 5.5 | T4: 0.05 | U4: 0.08 | V4: 22 | W4: 25 | X4: 15 | Y4: 1 | Z4: 12.5 | AA4: =S4*Z4 | AB4: Harvest Idle Session & Suspend
A5: 4 | B5: Suresh Kulkarni | C5: ADM102 | D5: suresh.kulkarni.admin@kpcl.com | E5: System Admin | F5: IT SAM & License Admin | G5: IT & SAM | H5: Prakash Varma | I5: ADM101 | J5: prakash.varma.admin@kpcl.com | K5: IT & SAM | L5: PRJ-SYS-00 | M5: Maintenance | N5: FlexLM Admin Tool | O5: Admin License | P5: 2026-10-20 08:00:00 | Q5: 4 | R5: 3.8 | S5: 0.2 | T5: 0.45 | U5: 0.7 | V5: 2 | W5: 5 | X5: 2 | Y5: 0 | Z5: 0 | AA5: =S5*Z5 | AB5: System Admin Session
A6: 5 | B6: Neha Gupta | C6: EMP005 | D6: neha.gupta@kpcl.com | E6: Staff Engineer | F6: FEA Structural Analyst | G6: Analysis & CAE | H6: Suresh Kulkarni | I6: ADM102 | J6: suresh.kulkarni.admin@kpcl.com | K6: IT & SAM | L6: PRJ-KPCL-03 | M6: FEA Stress Analysis | N6: Altair HyperWorks | O6: Floating | P6: 2026-10-20 09:30:00 | Q6: 8 | R6: 7.8 | S6: 0.2 | T6: 0.88 | U6: 0.22 | V6: 9 | W6: 10 | X6: 8 | Y6: 0 | Z6: 38 | AA6: =S6*Z6 | AB6: Maintain Active Session
A7: 6 | B7: Amit Joshi | C7: EMP006 | D7: worker.amit@kpcl.com | E7: Project Worker | F7: CAD Design Worker | G7: Product R&D | H7: Suresh Kulkarni | I7: ADM102 | J7: suresh.kulkarni.admin@kpcl.com | K7: IT & SAM | L7: PRJ-KPCL-01 | M7: 3D Modeling | N7: SolidWorks Premium | O7: Floating | P7: 2026-10-20 10:00:00 | Q7: 6.5 | R7: 1.5 | S7: 5 | T7: 0.04 | U7: 0.05 | V7: 19 | W7: 20 | X7: 12 | Y7: 1 | Z7: 15 | AA7: =S7*Z7 | AB7: Harvest Idle Session & Suspend
A8: 7 | B8: Pooja Mehta | C8: EMP007 | D8: pooja.mehta@kpcl.com | E8: Staff Engineer | F8: Control Systems Designer | G8: Electrical & Embedded | H8: Prakash Varma | I8: ADM101 | J8: prakash.varma.admin@kpcl.com | K8: IT & SAM | L8: PRJ-KPCL-04 | M8: PCB Layout | N8: Cadence Virtuoso | O8: Floating | P8: 2026-10-20 08:45:00 | Q8: 8 | R8: 6.5 | S8: 1.5 | T8: 0.65 | U8: 0.55 | V8: 7 | W8: 8 | X8: 6 | Y8: 0 | Z8: 50 | AA8: =S8*Z8 | AB8: Maintain Active Session
A9: 8 | B9: Rohan Verma | C9: EMP008 | D9: rohan.contractor@kpcl.com | E9: Project Worker | F9: Drafting Specialist | G9: Tooling & Plant | H9: Prakash Varma | I9: ADM101 | J9: prakash.varma.admin@kpcl.com | K9: IT & SAM | L9: PRJ-KPCL-02 | M9: Layout Design | N9: Autodesk Inventor | O9: Floating | P9: 2026-10-20 09:15:00 | Q9: 7 | R9: 2.1 | S9: 4.9 | T9: 0.06 | U9: 0.09 | V9: 24 | W9: 25 | X9: 15 | Y9: 1 | Z9: 12.5 | AA9: =S9*Z9 | AB9: Harvest Idle Session & Suspend
A10: 9 | B10: Kavita Rao | C10: EMP009 | D10: kavita.rao@kpcl.com | E10: Staff Engineer | F10: Thermal Engineer | G10: Analysis & CAE | H10: Suresh Kulkarni | I10: ADM102 | J10: suresh.kulkarni.admin@kpcl.com | K10: IT & SAM | L10: PRJ-KPCL-03 | M10: Thermal Run | N10: ANSYS Mechanical | O10: Floating | P10: 2026-10-20 11:00:00 | Q10: 10 | R10: 9.2 | S10: 0.8 | T10: 0.95 | U10: 0.1 | V10: 15 | W10: 15 | X10: 14 | Y10: 0 | Z10: 45 | AA10: =S10*Z10 | AB10: Maintain Active Session
A11: 10 | B11: Manoj Kumar | C11: EMP010 | D11: manoj.kumar@kpcl.com | E11: Staff Engineer | F11: Piping & Skid Engineer | G11: Product R&D | H11: Prakash Varma | I11: ADM101 | J11: prakash.varma.admin@kpcl.com | K11: IT & SAM | L11: PRJ-KPCL-01 | M11: Piping Design | N11: SolidWorks Premium | O11: Floating | P11: 2026-10-20 08:00:00 | Q11: 8.5 | R11: 2.5 | S11: 6 | T11: 0.07 | U11: 0.11 | V11: 20 | W11: 20 | X11: 12 | Y11: 1 | Z11: 15 | AA11: =S11*Z11 | AB11: Harvest Idle Session & Suspend
A12: 11 | B12: Deepak Nair | C12: EMP011 | D12: deepak.nair@kpcl.com | E12: Staff Engineer | F12: Structural Designer | G12: Tooling & Plant | H12: Suresh Kulkarni | I12: ADM102 | J12: suresh.kulkarni.admin@kpcl.com | K12: IT & SAM | L12: PRJ-KPCL-02 | M12: Structural CAD | N12: Autodesk Inventor | O12: Floating | P12: 2026-10-21 08:30:00 | Q12: 8 | R12: 3 | S12: 5 | T12: 0.09 | U12: 0.14 | V12: 21 | W12: 25 | X12: 15 | Y12: 1 | Z12: 12.5 | AA12: =S12*Z12 | AB12: Harvest Idle Session & Suspend
A13: 12 | B13: Sneha Reddy | C13: EMP012 | D13: sneha.reddy@kpcl.com | E13: Staff Engineer | F13: Aerodynamics Engineer | G13: Analysis & CAE | H13: Prakash Varma | I13: ADM101 | J13: prakash.varma.admin@kpcl.com | K13: IT & SAM | L13: PRJ-KPCL-01 | M13: CFD Mesh | N13: ANSYS Mechanical | O13: Floating | P13: 2026-10-21 09:00:00 | Q13: 9.5 | R13: 8.8 | S13: 0.7 | T13: 0.91 | U13: 0.18 | V13: 14 | W13: 15 | X13: 13 | Y13: 0 | Z13: 45 | AA13: =S13*Z13 | AB13: Maintain Active Session
... A31: 30 | B31: Monika Roy | C31: EMP030 | D31: monika.contractor@kpcl.com | E31: Project Worker | F31: CAD Project Worker | G31: Product R&D | H31: Priya Saxena | I31: ADM103 | J31: priya.saxena.admin@kpcl.com | K31: Engineering Ops | L31: PRJ-KPCL-01 | M31: Packaging CAD | N31: SolidWorks Premium | O31: Floating | P31: 2026-10-22 11:00:00 | Q31: 6.5 | R31: 1.3 | S31: 5.2 | T31: 0.03 | U31: 0.05 | V31: 19 | W31: 20 | X31: 12 | Y31: 1 | Z31: 15 | AA31: =S31*Z31 | AB31: Harvest Idle Session & Suspend

Sheet User_Admin_Roster
A1: User_ID | B1: User_Name | C1: User_Email | D1: Role_Category | E1: Role_Title | F1: Department | G1: Assigned_Admin_Name | H1: Assigned_Admin_ID | I1: Assigned_Admin_Email | J1: Admin_Department | K1: Assigned_Project | L1: Primary_Software_Tool
A2: EMP001 | B2: Rahul Sharma | C2: rahul.sharma@kpcl.com | D2: Staff Engineer | E2: Senior Mechanical Engineer | F2: Product R&D | G2: Prakash Varma | H2: ADM101 | I2: prakash.varma.admin@kpcl.com | J2: IT & SAM | K2: PRJ-KPCL-01 | L2: SolidWorks Premium
A3: EMP002 | B3: Ananya Patel | C3: ananya.patel@kpcl.com | D3: Staff Engineer | E3: CAE Simulation Specialist | F3: Analysis & CAE | G3: Prakash Varma | H3: ADM101 | I3: prakash.varma.admin@kpcl.com | J3: IT & SAM | K3: PRJ-KPCL-01 | L3: ANSYS Mechanical
A4: EMP003 | B4: Vikram Deshmukh | C4: vikram.contractor@kpcl.com | D4: Project Worker | E4: Contract CAD Drafter | F4: Tooling & Plant | G4: Prakash Varma | H4: ADM101 | I4: prakash.varma.admin@kpcl.com | J4: IT & SAM | K4: PRJ-KPCL-02 | L4: Autodesk Inventor
A5: ADM102 | B5: Suresh Kulkarni | C5: suresh.kulkarni.admin@kpcl.com | D5: System Admin | E5: IT SAM & License Admin | F5: IT & SAM | G5: Prakash Varma | H5: ADM101 | I5: prakash.varma.admin@kpcl.com | J5: IT & SAM | K5: PRJ-SYS-00 | L5: FlexLM Admin Tool
A6: EMP005 | B6: Neha Gupta | C6: neha.gupta@kpcl.com | D6: Staff Engineer | E6: FEA Structural Analyst | F6: Analysis & CAE | G6: Suresh Kulkarni | H6: ADM102 | I6: suresh.kulkarni.admin@kpcl.com | J6: IT & SAM | K6: PRJ-KPCL-03 | L6: Altair HyperWorks
A7: EMP006 | B7: Amit Joshi | C7: worker.amit@kpcl.com | D7: Project Worker | E7: CAD Design Worker | F7: Product R&D | G7: Suresh Kulkarni | H7: ADM102 | I7: suresh.kulkarni.admin@kpcl.com | J7: IT & SAM | K7: PRJ-KPCL-01 | L7: SolidWorks Premium
A8: EMP007 | B8: Pooja Mehta | C8: pooja.mehta@kpcl.com | D8: Staff Engineer | E8: Control Systems Designer | F8: Electrical & Embedded | G8: Prakash Varma | H8: ADM101 | I8: prakash.varma.admin@kpcl.com | J8: IT & SAM | K8: PRJ-KPCL-04 | L8: Cadence Virtuoso
A9: EMP008 | B9: Rohan Verma | C9: rohan.contractor@kpcl.com | D9: Project Worker | E9: Drafting Specialist | F9: Tooling & Plant | G9: Prakash Varma | H9: ADM101 | I9: prakash.varma.admin@kpcl.com | J9: IT & SAM | K9: PRJ-KPCL-02 | L9: Autodesk Inventor
A10: EMP009 | B10: Kavita Rao | C10: kavita.rao@kpcl.com | D10: Staff Engineer | E10: Thermal Engineer | F10: Analysis & CAE | G10: Suresh Kulkarni | H10: ADM102 | I10: suresh.kulkarni.admin@kpcl.com | J10: IT & SAM | K10: PRJ-KPCL-03 | L10: ANSYS Mechanical
A11: ADM103 | B11: Priya Saxena | C11: priya.saxena.admin@kpcl.com | D11: System Admin | E11: R&D Operations Admin | F11: Engineering Ops | G11: Prakash Varma | H11: ADM101 | I11: prakash.varma.admin@kpcl.com | J11: IT & SAM | K11: PRJ-SYS-00 | L11: OpenLM Management
A12: EMP015 | B12: Ganesh Hegde | C12: ganesh.hegde@kpcl.com | D12: Staff Engineer | E12: Vibration Analyst | F12: Analysis & CAE | G12: Priya Saxena | H12: ADM103 | I12: priya.saxena.admin@kpcl.com | J12: Engineering Ops | K12: PRJ-KPCL-03 | L12: Altair HyperWorks
... A28: EMP032 | B28: Snehal Ranade | C28: snehal.contractor@kpcl.com | D28: Project Worker | E28: Contract Detailer | F28: Product Engineering | G28: Suresh Kulkarni | H28: ADM102 | I28: suresh.kulkarni.admin@kpcl.com | J28: IT & SAM | K28: PRJ-KPCL-05 | L28: SolidWorks Premium

Sheet Data_Dictionary
A1: Field_Name | B1: Data_Type | C1: Sample_Value | D1: Role_Identification_Purpose | E1: Description_&_ML_Usage
A2: Employee_Name | B2: String | C2: Rahul Sharma | D2: User Identity | E2: Name of the engineer or project worker logging the session.
A3: Employee_ID | B3: String | C3: EMP001 / ADM102 | D3: User Identity | E3: Unique identifier for the user.
A4: Employee_Email | B4: String | C4: rahul.sharma@kpcl.com / worker.nitin@kpcl.com | D4: Role & Contact ID | E4: Email address containing domain identifiers (e.g., .admin@kpcl.com, .contractor@kpcl.com, worker.*@kpcl.com) to instantly filter admins vs project workers vs staff engineers.
A5: Role_Category | B5: Categorical | C5: System Admin / Department Head / Project Head / Staff Engineer / Project Worker | D5: Explicit Role Classification | E5: Classifies user type and the platform profile: 'System Admin' -> Admin (Head), full access; 'Department Head' -> department-wide access and permissions; 'Project Head' -> project timelines, demand and the project team's access; 'Staff Engineer' / 'Project Worker' -> Engineer (assigned licences, own requests).
A6: Employee_Role | B6: String | C6: Senior Mechanical Engineer | D6: Role Title | E6: Specific job title of the employee.
A7: Department | B7: Categorical | C7: Product R&D | D7: Organizational Unit | E7: Department requesting license access.
A8: Admin_Name | B8: String | C8: Prakash Varma | D8: Governance & Admin ID | E8: Name of the assigned System / SAM Administrator overseeing license allocation.
A9: Admin_ID | B9: String | C9: ADM101 | D9: Governance & Admin ID | E9: Unique ID of the supervising Admin.
A10: Admin_Email | B10: String | C10: prakash.varma.admin@kpcl.com | D10: Governance & Admin ID | E10: Domain email of the IT/SAM Administrator responsible for approving license reallocations.
A11: Admin_Dept | B11: Categorical | C11: IT & SAM | D11: Admin Unit | E11: Department of the supervisor admin.
A12: Project_ID | B12: Categorical | C12: PRJ-KPCL-01 | D12: Project Context | E12: Project allocation ID.
... A23: Recommended_Action | B23: Categorical | C23: Harvest Idle Session & Suspend | D23: Rule Engine Output | E23: Recommendation generated by rule engine for SAM admin action.
